<?xml version="1.0" encoding="UTF-8"?>
<project-private xmlns="http://www.netbeans.org/ns/project-private/1">
    <editor-bookmarks xmlns="http://www.netbeans.org/ns/editor-bookmarks/2" lastBookmarkId="0"/>
    <open-files xmlns="http://www.netbeans.org/ns/projectui-open-files/2">
        <group>
            <file>file:/C:/Users/USER/Documents/NetBeansProjects/EMSapp/src/emsapp/FXMLAddRow.fxml</file>
            <file>file:/C:/Users/USER/Documents/NetBeansProjects/EMSapp/src/AppImages/EMS.png</file>
            <file>file:/C:/Users/USER/Documents/NetBeansProjects/EMSapp/src/emsapp/FXMLDeletionController.java</file>
            <file>file:/C:/Users/USER/Documents/NetBeansProjects/EMSapp/src/emsapp/FXMLViewList.fxml</file>
            <file>file:/C:/Users/USER/Documents/NetBeansProjects/EMSapp/src/AppImages/+W.png</file>
            <file>file:/C:/Users/USER/Documents/NetBeansProjects/EMSapp/src/AppImages/Dash%20icon.png</file>
            <file>file:/C:/Users/USER/Documents/NetBeansProjects/EMSapp/src/AppImages/Add%20W.png</file>
            <file>file:/C:/Users/USER/Documents/NetBeansProjects/EMSapp/src/AppImages/Picture1.png</file>
            <file>file:/C:/Users/USER/Documents/NetBeansProjects/EMSapp/src/AppImages/S%20W.png</file>
            <file>file:/C:/Users/USER/Documents/NetBeansProjects/EMSapp/src/emsapp/databaseConnection.java</file>
            <file>file:/C:/Users/USER/Documents/NetBeansProjects/EMSapp/src/AppImages/Capture.PNG</file>
            <file>file:/C:/Users/USER/Documents/NetBeansProjects/EMSapp/src/emsapp/FXMLDashController.java</file>
            <file>file:/C:/Users/USER/Documents/NetBeansProjects/EMSapp/src/emsapp/FXMLUpdateDetails.fxml</file>
            <file>file:/C:/Users/USER/Documents/NetBeansProjects/EMSapp/src/AppImages/Start.png</file>
            <file>file:/C:/Users/USER/Documents/NetBeansProjects/EMSapp/nbproject/jfx-impl_backup_1.xml</file>
            <file>file:/C:/Users/USER/Documents/NetBeansProjects/EMSapp/src/emsapp/FXMLDocument.fxml</file>
            <file>file:/C:/Users/USER/Documents/NetBeansProjects/EMSapp/src/emsapp/FXMLAddRowController.java</file>
            <file>file:/C:/Users/USER/Documents/NetBeansProjects/EMSapp/src/emsapp/FXMLAboutController.java</file>
            <file>file:/C:/Users/USER/Documents/NetBeansProjects/EMSapp/src/emsapp/FXMLViewListController.java</file>
            <file>file:/C:/Users/USER/Documents/NetBeansProjects/EMSapp/src/AppImages/EMS%20Dash.png</file>
            <file>file:/C:/Users/USER/Documents/NetBeansProjects/EMSapp/nbproject/jfx-impl_backup_2.xml</file>
            <file>file:/C:/Users/USER/Documents/NetBeansProjects/EMSapp/src/emsapp/FXMLDocumentController.java</file>
            <file>file:/C:/Users/USER/Documents/NetBeansProjects/EMSapp/src/emsapp/FXMLDash.fxml</file>
            <file>file:/C:/Users/USER/Documents/NetBeansProjects/EMSapp/src/emsapp/EMSapp.java</file>
            <file>file:/C:/Users/USER/Documents/NetBeansProjects/EMSapp/src/emsapp/mdlEmployeeDetails.java</file>
            <file>file:/C:/Users/USER/Documents/NetBeansProjects/EMSapp/src/emsapp/FXMLUpdateDetailsController.java</file>
            <file>file:/C:/Users/USER/Documents/NetBeansProjects/EMSapp/src/AppImages/AUAf.png</file>
            <file>file:/C:/Users/USER/Documents/NetBeansProjects/EMSapp/src/emsapp/FXMLAbout.fxml</file>
        </group>
    </open-files>
</project-private>
